		 McAFEE ASSOCIATES AGENT LISTING
			     August 14, 1995
			 


McAfee Associates, Inc.               (408) 988-3832  Office
2710 Walsh Avenue                     (408) 970-9727  FAX
Santa Clara, California 95051-0963    (408) 988-4004  BBS (48 lines)
U.S.A.                                USR HST/v.32/v.42bis/MNP 1-5
				      support@mcafee.COM  InterNet
				      GO MCAFEE         CompuServe
				      McAfee        America Online




     In  order  to  provide the global  community  with  anti-virus
coverage  in a timely manner, McAfee Associates has established  an
Agents  program  to provide service, sales and support  for  McAfee
Associates  products  around  the world.  If you do  not  see  your
country  listed,  please  contact  McAfee  Associates  directly.  A
listing  of United States Agents, separated by geographical region,
has been added to the end of this file.



INTERNATIONAL AGENTS
====================

ALBANIA
Ultimobyte Editrice, s.r.l.
Address:      Via A. Manuzio, 15
	      20124 Milano, ITALY
Contact:      Ilir Ciko
Telephone:    +355 (44) 25369
Fax:          +39 (2) 655-5061
BBS:          +39 (2) 29002621 [registered callers]
	      +39 (2) 29007126 [new callers]

ARGENTINA
RAN Ingenieria de Sistemas
Address:      Sarmiento 1371-OF. 707
	      Buenos Aires-1041
Contact:      Roberto Tursi
Telephone:    +54 (1) 374-8022/375-0451
Fax:          +54 (1) 334-7802

AUSTRALIA
Computerware for Micros
Telephone:    (008) 882-875 National Toll Free
Fax:          +61 (08) 363-1974 National
BBS:          +61 (08) 362-4293 National
     
     SYDNEY -  HOME OFFICE
Address:      1st Floor, 88 George Street
	      The Rocks, N.S.W.  2000
Contact:      John Hillam
Sales/Support:John Valentine
Telephone:    +61 (02) 252-3546
Fax:          +61 (02) 252-3353
BBS:          +61 (02) 252-3034
			       
     ADELAIDE BRANCH
Contact:      Graham Miller
Telephone:    +61 (08) 362-8200
Fax:          +61 (08) 363-1974
BBS:          +61 (08) 362-4293

     MELBOURNE BRANCH
Contact:      Peter Brooks
Telephone:    +61 (03) 686-8211
Fax:          +61 (03) 686-8243
BBS:          +61 (03) 686-8244
     BRISBANE BRANCH
Contact:      Gerald Penaflor
Telephone:    +61 (1-800) 882-875
Fax:          +61 (02) 252-3353
BBS:          +61 (07) 807-7244
     PERTH BRANCH
Contact:      Sheryl Martin
Telephone:    +61 (08) 362-8200
Fax:          +61 (08) 363-1974
BBS:          +61 (09) 300-3080
     CANBERRA BRANCH
Contact:      John Valentine
Telephone:    +61 (1-800) 882-875
FAX:          +61 (02) 252-3353
BBS:          +61 (06) 254-8199
     TOWNSVILLE BRANCH
BBS:          +61 (077) 79-1546


AUSTRALIA
Doctor Disk
Toll-Free:    (008) 999 755 (outside of Perth Metro Area)
e-mail:       sales@drdisk.omen.com.au
	      support@drdisk.omen.com.au

     SYDNEY OFFICE (HEAD OFFICE)
Contact:      Derek Conibear
Address:      Level 7, 418A Elizabeth Street
	      Surry Hills  NSW 2010
Telephone:    +61 (02) 281-2099
Fax:          +61 (02) 281-9740
BBS:          +61 (02) 281-4015

     MELBOURNE OFFICE
Contact:      David Purdon
Address:      213 - 217 Clarendon St.
	      South Melbourne  VIC 3205
Telephone:    +61 (03) 690-9100
Fax:          +61 (03) 696-4884

     CANBERRA OFFICE
Contact:      Roger Hagelaar
Address:      Unit 6, 9-11 Napier Close
	      Deakin  ACT 2600
Telephone:    +61 (06) 282-1599
FAX:          +61 (06) 282-1172

     BRISBANE OFFICE
Contact:      Richard Windsor
Address:      1st Floor, 37 Mein St.
	      Spring Hill  QLD 4000
Telephone:    +61 (07) 831-0151
Fax:          +61 (07) 831-0149

     PERTH OFFICE
Contact:      Barry Dowell
Address:      77 Bulwer St.
	      Perth  WA 6000
Telephone:    +61 (09) 328-2011
Fax:          +61 (09) 328-9661
BBS:          +61 (09) 227-7459

     ADELAIDE OFFICE
Contact:      Natalie Drummond
Address:      77 Pirie Street
	      Adelaide  SA 5000
Telephone:    +61 (08) 223-5788
Fax:          +61 (08) 223-6679


AUSTRIA
ComIn -Claudia Strasser (formerly Terramar)
Address:      Hofmuhlgasse 21/21
	      A-1060 Wien
Contact:      Ronald Schmutzer
Telephone:    +43 (1) 596-4048
Fax:          +43 (1) 596-4023
BBS:          +43 (1) 596-4021 (3 lines)

BAHRAIN
Deena International Commercial Agency
Address:      P.O. Box 5168
	      Al Zahra Bldg., 1st Floor
	      SH Issa Al Kabeer Rd.
	      Manama
Contact:      Ehab Al-Maskati
Telephone:    +973 261 247
Fax:          +973 230 418
Telex:        8613 DICA BN
Cable:        DICANTER

BELGIUM
Impakt nv
Address:      Ham 64
	      B-9000 Gent
Contact:      Frank Lateur
Telephone:    +32 (92) 25 35 49
Fax:          +32 (92) 33 00 78
BBS:          +32 (92) 23 40 16

BERMUDA
Applied Computer Technologies
Address:      P.O. Box HM 2091
	      Hamilton, HM HX
Contact:      Craig Clark
Telephone:    (809) 292-4776
Fax:          (809) 292-5361
BBS:          (809) 292-1774 [v.32bis]
	      (809) 292-1774 [v.32bis/HST 14.4Kb]

BERMUDA
Business Systems Ltd.
Address:      Richmond House
		12 Par-La-Ville Rd.
	      Hamilton HM08
Contact:      DeRoy Butterfield
Telephone:    (809) 295-0777
Fax:          (809) 295-0099
Internet:     dbutterfield@bsl.bm

BRAZIL
COMPUSUL Consultoria e Comercio de Informatica Ltda.
Address:      Rua Unapitinga, 81
	      04613-070 - Sao Paulo, SP
Contact:      Andre Pitkowski
Telephone:    +55 (11) 530-6822
Fax:          +55 (11) 531-7598
BBS:          +55 (11) 816-3911 [1200-14,400 bps, v.32/v.32bis]
	      (call for BBS numbers in other cities)
Internet:     compusul@mandic.ax.apc.org

CHILE
Rigg S.A.
Address:      Avda. Salvador 1068
	      P.O. Box 10.295
	      Santiago
Contact:      Ricardo Gutierrez
Telephone:    +56 (2) 225-0222
Fax:          +56 (2) 225-0240
BBS:          +56 (2) 204-8602 [v.32bis/v.34 28.8kb - 4 lines]
Internet:     rgutierr@rigg.cl


CHINA
* See Taiwan


COLOMBIA
Antivirus Ltda.
Address:      Carrera 7 No. 72 64
	      Officina 2-22
	      Santafe de Bogota
Contact:      Juan Colmenares
Telephone:    +57 (1) 255 9910
	      +57 (1) 310 7291
Cellular:     +57 (1) 93-331-2348
Fax:          +57 (1) 255 9910
Internet:     jmcolmen@itec5.telecom-co.net

CYPRUS
NetU Consultants
Address:      PO Box 8709
	      Nicosia
Contact:      Andreas Hadjioannou
	      or Pannikos Akritas
Telephone:    +357 (2) 360080
Fax:          +357 (2) 361026

CZECH REPUBLIC
AEC Ltd.
Address:      Bayerova 30
	      602 00 Brno
Contact:      Jiri Mrnustik, MSc.
Telephone:    +42 (5) 41235466
FAX:          +42 (5) 41235038
BBS:          +42 (5) 41210571
Internet:     support@aec.anet.cz

DENMARK
Danadata A/S
Address:      Graham Bells Vej 7
	      8200 Aarhus N
Contact:      Steen Pedersen
Telephone:    +45 (86) 18 28 44
Fax:          +45 (86) 78 31 38
BBS:          +45 (86) 78 31 34 [1200-9600bps/v.32/24 hours]
Internet:     mcafee@danadata.dk

FAROES ISLANDS
Adaptive Design
Address:      FR-690 Oyndarfjorour
Contact:      Kaj Heri Joensen
Telephone:    +298 44872
Fax:          +298 44873
Cellular:     +298 88872
Internet:     adap.khj@login.dknet.dk


FIJI AND SURROUNDING ISLANDS
South Seas Computing
Address:      GPO Box 1001
	      Suva
	      Fiji Island
Contact:      David Campbell
Telephone:    +679 386455
Fax:          +679 370875

FINLAND
SAFECO OY
Address:      Kirvuntie 22
	      02140 Espoo
Contact:      Hannu Ohrling
Telephone:    +358 (0) 512 1100
Fax:          +358 (0) 515 151
BBS:          +358 (9)0 512 2483
MCI Mail:     540-0324

FRANCE
AssurData
Address:        50 rue de Londres
		75008 Paris
Contact:        Patrick Le Granche
Telephone:      +33 1 44 90 87 37
Fax:            +33 1 45 22 75 54
BBS:            +33 1 45 22 76 01
Minitel:        3616 SOS Virus


GERMANY
BFK edv-consulting GmbH
Address:      Durlacher Allee 47
	      D-76131 Karlsruhe
Contact:      Verkauf
Telephone     +49 (721) 96201-1
Fax:          +49 (721) 96201-99

GERMANY
Kirschbaum Software GmbH
Address:      Kronau 15
	      D-83550 Emmering b. Wbg.
Contact:      Josef Kirschbaum
Telephone:    +49 (0) 8067-90380
Fax:          +49 (0) 8067-903898

GERMANY
K.H. Kitroschat, Ingenieurbuero für Neue Technik
Address:      Naabstrasse 9
	      D-40699 Erkrath
Contact:      Karl-Heinz Kitroschat
Telephone:    +49 (0) 2104 48626
Fax:          +49 (0) 2104 449 555
BBS:          +49 (0) 2104 40957
CompuServe:   100014,2630

GERMANY
R. Bucker EDV - Beratung
Datentechnick GmbH
Address:      Nordhemmer Str. 94
	      D-32479 Hille 1
Contact:      z.H. Frau Rosmarie Buecker 
Telephone:   +49 (0) 5703-2829
	     +49 (0) 5703-3610
Fax:         +49 (0) 5703-3648
BBS:         +49 (0) 5703-817
(nur ISDN)   +49 (0) 5703 91 00 00
	     (Channel Bundling moglich)
Compuserve:  100024,1341

GHANA
Network Computer Systems
Address:      Private Mail Bag
	      OSU, Accra
Contact:      Andy Bulley
	      William Tevie
Telephone:    +233 (21) 220622,225472,300340
Fax:          +233 (21) 772279
Internet:     bulley@ncs.com.gh
Telex:        3047/48 BTH25 GH

GIBRALTAR
Interactive Systems Ltd.
Address:      PO Box 397
	      2a International House
	      Bell Lane
Contact:      Jim Watt
Telephone:    +350 73285
Fax:          +350 73385
BBS:          73301
Internet:     jimwatt@bix.com

GREECE
TopNet Computers Ltd
Address:      15 Mpakopoulou St.
	      154 51 Neo Psixiko
	      Athens
Contact:      Dimitrios Georgiadis
Telephone:    +30 (1) 647 6066
	      +30 (1) 647 5378
Fax:          +30 (1) 672 6629

HONG KONG
Skynet Consultants Company
Address:      23A, 
	      81-85 Lockhart Road
	      Wanchai
Contact:      Isabel Chan
Telephone:    +852 2520-2608  
Fax:          +852 2529-2618
Internet:  sky-info@skynet.com.hk
BBS:+8522592968     

HONG KONG
MCSB Systems (HK) Ltd.
Address:      Room 1504 Kodak House
	      Phase 2  321 Java Road
	      North Point
Contact:      Koh Mui Tong
Telephone:    +852 2564 4328
Fax:          +852 2597 4645

			 
HUNGARY
Pik-SYS Company Ltd.
Address:      Szentmiklosi u.18
	      H-1213 Budapest
Contact:      Maria Pistar
Telephone:    +36 (1) 276-0864
Fax:          +36 (1) 276-5714
Compurserve:  100263,461

ICELAND
Tolvur og Fjarskipti
Address:      Dugguvogi 2
	      104 Reykjavik
Contact:      Jim Hayward or Ari Thor Johannesson
Telephone:    +354 4213 686
Fax:          +354 4216 986
BBS:          +354 (9) 1995151 [6 lines]
BBS NUA:      X.25 NUA 271011991000

INDIA
Foremost Systems P. Ltd.
Address:      2G, Kashmir Emporium Bldg.
	      P.m. Road
	      Bombay 400 001
Contact:      Mr. Siddharth Mehta
Telephone:    +91 (22) 266 2602
Fax:          +91 (22) 495 0341
Telex:        011-82579 (Attn: Sid Mehta)

INDONESIA
P.T. Yakin Aman
Address:      #15-16, Block FX-1
	      Jalan Kelapa Gading Boulevard
	      Jakarta 14240
Contact:      M.A. Sunardi
Telephone:    +62 21 453-0072
	      +62-21-453-2729
	      +62-21-453-2880
Fax:          +62 21 453-2731
BBS:          +62-21-624-4286
Internet:     Sunardi@jaknet.org


INDONESIA
PT Asiasoft Nusantara
Address:      Jalan Satria Raya
	      No1B Grogol
	      Jakarta 11460
Contact:      Mr. Santino Widjaja
Telephone:    +62 21 566-7005
Fax:          +62 21 566-7006
BBS:          +65 741-8707


INDONESIA
MSCB International Pte. Ltd.
Address:      MidPlaza II Building, 14th Floor
	      JI. Jend. Sudirman Kav. 10-11
	      Jakarta 10220
Contact:      Benny Agus
Telephone:    +62 21 570-7689
Fax:          +62 21 570-7707


IRELAND
Systemhouse Technology Group Ltd
Address:      South County Business Park
	      Leopardstown Road
	      Dublin 2
Contact:      Dermot Williams or Stephen Kearon
Telephone:    +353 (1) 294 0440
Fax:          +353 (1) 294 0441
Fax-on-demand:+353 (1) 678 9012
BBS:          +353 (1) 294 0446 [4 lines v.32bis/v.42bis/ZyXEL 16.8/19.2Kbs]
CompuServe:   100020,2206
Internet:     dermot@systemhouse.ie
	      stephen@systemhouse.ie

ISRAEL
Chief Data Recovery Company
Address:      15 Ha'banim Street
	      PO Box 499
	      Nes-Ziona  70400
Contact:      Danny Ruff
Telephone:    +972 (8) 400 070
Fax:          +972 (8) 403 295
BBS:          +972 (3) 966 7562 [v.32bis/v.42bis/14400bps]
	      +972 (3) 967 3919 [v.32bis/v.42bis/14400bps]
	      +972 (3) 967 3499 [v.32bis/v.42bis/14400bps]
	      +972 (3) 967 3256 [MNP5/2400bps]

ITALY
Ultimobyte Editrice, SRL
Address:      Via Achille Zezon, 10
	      20124 Milano
Contact:      Adalberto Fontana
Telephone:    +39 (2) 6698-3133
Fax:          +39 (2) 6698-3233
BBS:          +39 (2) 6698-0344
CompuServe:   100013,1552

JAMAICA
Eagle Information Systems Ltd. (formally W.T.G APTEC Systems Ltd.)
Address:      2-6 Trafford Place
	      Kingston 5
		Jamaica W.I.
Contact:      Arnold McDonald
Telephone:    (809) 960-2359/60, 960-2362
Fax:          (809) 968-1755

JAPAN
McAfee Japan Representative Office
Address:      101 9-1-14 Seijo Setagaya
	      Toyko 157
Contact:      Yutaka Matsuura
Tel:          +81 (3) 5490-1816
Fax:          +81 (3) 5490-1816
Internet:     mcafeej@po.iijnet.or.jp

JAPAN - Master Sales Agent
Nippon System Development (NSD)
Address:          2-7-1 Nishi-shinjuku
		  Shinjuki-ku
		  Tokyo 163
Contact:          Ryoji Udo
Tel:              +81-3-3342-1411
Fax:              +81-3-3342-0451
		  +81-3-3342-2987

JAPAN - Master Sales Agent (OEM)
Sumitomo Metal Industries, Ltd.
Address:          Mita Nittodai Building
		  3-11-36 Mita Minato-Ku
		  Tokyo 108
Contact:          Hideaki Terazawa
Tel:              81-3-5476-9816
Fax:              81-3-5476-9886
Internet:         hyper@mit.sumikin.co.jp


KOREA 
Hycom Datacommunications,Inc.
Address:          Kumwon Building
		  943-12 Daechi-3 Dong, Kangnam Ku
		  Seoul, South Korea  135-283
Contact:          Ryan H. Kim
Tel:              +82-2-554-1445
Fax:              +82-2-555-4294
Internet:         sales@hynix.hycom.co.kr


KUWAIT
AL BAYAN Consulting Group
Address:      P.O. Box 23641
	      Safat-Kuwait
Contact:      Ashraf S. El-Farra
Telephone:    +965 243 1399
	      +965 245 7345
	      +965 245 7354
Fax:          +965 243 1398

MALAYSIA
Asiasoft (M) Sdn Bhd
Address:      70 Jalan SS21/39 Damansara Utama
	      47400 Pataling Jaya
	      Selangor
Contact:      Mr. S.H. Lim
Telephone:    +60 3 717-3417
Fax:          +60 3 717-3376

MALAYSIA
MCSB Systems (M) Berhad
Address:      Ground Floor, Wisma Mirama
	      Jalan Wisma Putra
	      50460 Kuala Lumpur
Contact:      Tee Lian Hock
Telephone:    +60 3 241 7400
Fax:          +60 3 248 8010

MAURITIUS
J. Kalachand & Co. Ltd.
Address:      Stage II Building
	      DBM Industrial Estate
	      Plaine Lauzun
Contact:      Sanjeet Sobnack
Telephone:    +230 212-6313
Fax:          +230 212-8244

MEXICO
McAfee Associates, Mexico, S.A. de C.V.
Address:      Av. Nuevo Leon No.253, Desp. 501
	      Col. Escandon, C.P. 11800, Mexico D.F.
Contact:      Patricia De la Mora (Sales)
	      Carlos Soto (Technical Support)
Telephone:    +52 (5) 515-0015
Fax:          +52 (5) 273-1019
BBS:          +52 (5) 988-4004 [1200-9600 bps]
Internet:     delamora@mail.internet.com.mx

NETHERLANDS, THE
McAfee Nederland B.V.
Address:      Burgemeester van Lanschotlaan 2
	      5262 AG  Vught
	      PO Box 192
	      5260 AD  Vught
Contact:      Anja Vink
Telephone:    +31 (73) 569774
Fax:          +31 (73) 570647
BBS:          +31 (73) 570626 [14,400bps]
Technical Support
Contact:      Fred de Koning or Fred Janssen
Telephone:    +31 (73) 569774
Internet:     support@cpu.nl

NETHERLANDS ANTILLES
Micro Computer Consultants
Address:      Fokkerweg 30
	      Muskus Building
	      Willemstad Curaco
Contact:      Lillian Copini
Telephone:    +599 (9) 61 31 61
Fax:          +599 (9) 61 61 19

NEW ZEALAND
Computer Software Library of NZ, Ltd.
Address:      PO Box 162
	      Timaru
Contact:      Bill Strauss
Telephone:    +64 (3) 615-9333
Fax:          +64 (3) 615-9303
BBS:          +64 (3) 615-9313
Mobile Phone: +64 (25) 32-8443
Help Line:    0800 - 508 - 333 (Toll free within NZ)

NORWAY
COMMA
Address:      Olaf Helsetsv. 5
	      Postboks 6448 Etterstad
	      0605 Oslo
Contact:      Halvard Flo
Telephone:    +47 (22) 627500
Fax:          +47 (22) 627501

NORWAY
SCANDINAVIAN COMMUNICATIONS SYSTEMS
Address:      Ostensjovn 39
	      Oslo, Norway  NO611
Contact:      Ragnhild Svarstad-Martinsen
Telephone:    +47 (2) 265-8180
Fax:          +47 (2) 265-4770
Internet:     ragnhild.martinsen@scs.no


PERU
Cibertec Data SA
Address:      Av. Pardo Y Aliaga 668
	      Lima 27
	      Peru
Contact:      Jorge Tupac-Yupanqui
Telephone:    +51 (14) 210700/216226/215548
Fax:          +51 (14) 210722

PAPUA NEW GUINEA
Computers and Communications
Address:          Tamara Road, Six Mile,
	      (P O Box 1023)
	      Port Moresby
Contact:      Scott Braiding
Telephone:    +675-25-7466
Fax:          +675-25-8772
CompuServe:   72711,1766

PHILIPPINES and GUAM
Mannasoft Technology Corporation
Address:      Suite 105 Mid-Land Mansion
	      839 Pasay Road, Makati
	      Metro Manila
Contact:      Hans C. Dee
Telephone:    +63 2 87 63 19
	      +63 2 813 41 62
	      +63 2 813 41 63
Pager Service:+63 2 869 11 11 (ask to leave message for #22 24 25)
FAX:          +63 2 812 93 10 (request FAX during business hours)


POLAND
Sol-serwis Sp. z.o.o, Komputerowe Systemy
Address:         90-051 Lodz
		 Al. Pilsudskiego 8
		 Poland
Contact:         Pawel Hajdan
Telephone:       +48-42-366310
Fax:             +48-42-370656

Warsaw Branch Office:
Address:         00-020 Warszawa
		 Ul. Chmielna 8
Tel/Fax:         +48-22-276416


PORTUGAL
FOBIS NORTE - informatica e gestao, Lda.
Address:      Rua da Paz, 66 1 - sala 16
	      P-4000 Porto
Contact:      Luis Van Zeller
Telephone:    +351 (2) 600 5062
Fax:          +351 (2) 609 7112

Address:      Rua da Madalena, n214/5 Esq.
	      P-1100 Lisboa
Contact:      Domingos A. Ferreira
Telephone     +351 (1) 886 4291 or 92
Fax:          +351 (2) 886 4293

ROMANIA
A.I. Ltd.
Address:      Strada Academiei 18-20, Etaj 1,
	      Sector 1, Bucuresti, Romania
Contact:      Angelo Morassi
Telephone:    +40 (1) 613 8080-135
Fax:          +40 (1) 613 8080-135
BBS:          +40 (1) 631 5571 - [v.32/V.32bis,v.42bis, 14,400bps]

RUSSIA
Windamere Consulting Group Ltd.
Office Address: Suite 4, 4A Malyi Mogiltsevski Pereulok   
		Moscow 121002, Russia
Postal Address: 666 Fifth Avenue, Suite 572           
		New York NY 10103
		U.S.A.
Contact:        Greg Renouf
Telephone:      International  7-503-956-0441 (4 lines)
		Domestic         095-956-0441
Fax:            International  7-503-956-9133
		Domestic         095-956-9133
Internet:       grenouf@maev.msk.su

SAUDI ARABIA
Gulf Stars Computer Systems
Address:      PO Box 52908
	      Riyadh  11573
Contact:      Fadi Kanafani
Telephone:    +966 (1) 462-8222
Fax:          +966 (1) 465-3156
Telex:        407602 GSCS SJ

SINGAPORE
Asiasoft (S) PTE. LTD.
Address:      No. 8, Aljunied Avenue 3, Oakwell Bldg.
	      Singapore 1438
Contact:      Andy Choy
Telephone:    +65 742 6000
Fax:          +65 742 7000
Internet:     aasiasoft@singnet.com.sg
BBS:          +65 741 8707

SINGAPORE
MCSB Systems (S) Pte Ltd
Address:      5 Little Road
	      #05-01 Cemtex Industrial Building
	      Singapore 1953
Contact:      Low Loong Shiew
Telephone:    +65 382-7600
Fax:          +65 382-5700

SLOVAKIA
AEC Bratislava Ltd.
Address:      Pribinova 25
	      81902 Bratislava
Contact:      Mrs. Alena Mrackova
Telephone:    +42 (7) 2103027
FAX:          +42 (7) 2103029
BBS:          +42 (5) 2103023


SOUTH AFRICA
Dynamic Solutions cc
Address:      P.O. Box 4397
	      Cape Town  8000
Contact:      Oliver Steudler
Telephone:    +27 21 24 9504
Fax:          +27 21 26 1911
BBS:          +27 21 24 2208
Internet:     oliver@cybernet.za

SOUTH AFRICA
International Data Security (Pty) Ltd.
Address:      Suite 10, 196B Loop St.
	      Pietermaritzburg
	      Natal  3201
Box:          Po Box 3425
	      Pietermaritzburg
	      Natal 3200
Contact:      Gavin Nesbitt
Telephone:    +27 (0331) 427 134
	      +27 (0331) 427 135
	      +27 (0331) 941 563
	      +27 (0331) 941 564
Fax:          +27 (0331) 425 505
BBS:          +27 (0331) 455 710 [300-14,400 bps USR Courier v.32/v.42bis]
CompuServe:   100075,471

SPAIN
SATINFO - Central (formerly DATAMON, SA)
Address:      Napoles, 335
	      08025 Barcelona
Contact:      Carmen M. Mestres
Telephone:    +34 (3) 459 01 00
Fax:          +34 (3) 207 39 59

SPAIN
SATINFO - Microservice (formerly DATAMON, SA)
Address:      Infanta Mercedes, 83
	      28020 Madrid
Contact:      Diego Saez
Telephone:    +34 (1) 571 52 00
Fax:          +34 (1) 571 19 11


SWEDEN
Virus Help Centre - MAIN Office
Address:      Box 244
	      S 811 23 Sandviken
Contact:      Mikael Larsson
Telephone:    +46 (26) 275740
Fax:          +46 (26) 275720
Mobile Phone: +46 (10) 295 5551
BBS:          +46 (26) 275710 [1200-14.400 bps]
+46 (26) 275715 [1200-14.400 bps]
Fidonet:      2:205/204 or 2:205/234
VirNet:       9:461/101 or 9:461/111
Internet:     mikael@vhc.se

Virus Help Centre - GAVLE Office
Address:      Box 1237
S 801 37 Gavle
Contact:      Ola Larsson
Phone:        +46 (26) 100518
Mobile Phone: +46 (10) 295 5552
Fidonet:      2:205/212
VirNet:       9:461/112
Internet:     ola@dragon.vhc.se


SWEDEN
Data Construction AB
Address:      Oxholmsgraend 7
	      S-127 22 Skarholmen
Contact:      Ola Elverskog
	      Ann-Christin Carlsson
Telephone:    +46 (8) 680-7000
Fax:          +46 (8) 710-7610
BBS:          +46 (8) 740-5870 (4 lines, 2.400-28.000 baud)
Internet:     oelversk@eiknes.se
WWW Server:   www.eiknes.se
FTP Server:   ftp.eiknes.se


SWITZERLAND
bw digitronik ag (formerly DASIKON AG)
Address:      Strickstrasse 15
	      CH-8610 Uster
Contact:      Paul Hasen
Telephone:    +41 (1) 940-4410
Tech Support: +41 (1) 157-6015 (TOLL NUMBER)
Fax:          +41 (1) 940-3959
BBS:          +41 (1) 940-4434
		+41 (1) 940-4435

TAIWAN - Distributor for Provan Tech. Corp.
Zero One Technology Company, Ltd.
Address:        4th Floor, 111
		Chung Shan N. Rd., Sec.2
		Taipei, 10450
Contact:        Peter Lin
Telephone:      +886-2-565-2323
Fax:            +886-2-571-4698


TAIWAN - Master Agent for Taiwan and China
Provan Technology
Address:      B1 32 Don-Men Street
	      Panchiao 22047
	      Taiwan
Contact:      Jeff Kao
Telephone:    +886 (2) 960-3032
Fax:          +886 (2) 969-2011


THAILAND
Data Express Company, Ltd.
Address:      637 Charoenrat Road, Khlongsan
	      Bangkok 10600
Contact:      Somboon Jaroonthamboon, Napaporn Pratomwong
Telephone     +66 (2) 437 5231 / 437 5207
Fax:          +66 (2) 438 4770
BBS:            +66 (2) 437 2085


THAILAND
Connectivity Peripherals Company, Ltd.
Address:      1777/100 Charansanitwong 65 Bangplad
	      Bangkok 10700 Thailand
Contact:      Poonpat Kantavara
Telephone:    + 662-424-3743 / 435-5749
	      + 661-481-4057
Fax:          + 662-424-3743


THAILAND
Oakwell Corporation Thailand Co. Ltd.
Address:      305/15 Pichai Road
	      Dusit, Bangkok  10300
Contact:      Ms. Suporn
Telephone     +66 (2) 241 5269
Fax:          +66 (2) 243 2362

TRINIDAD & TOBAGO
Opus Networx
Address:      P.O. Box 972
	      Port of Spain, Trinidad & Tobago
	      West Indies
Contact:      Peter Wimbourne
Tel:          (809) 625-5949
Fax:          (809) 625-5950
BBS:          (809) 628-5023
Internet:     sysop@opus-networx.com

UNITED ARAB EMIRATES
Al Bawardi Computers
Address:      Flat 301, 3rd Floor, Grandstore Bldg.
	      Hamdan St. PO BOX 4118
	      Abu Dhabi
Contact:      Fadi Darwish
Telephone:    +971 (2) 346 999
Fax:          +971 (2) 213 581

UNITED KINGDOM
IPE Corporation Ltd. (formerly International Data Security)
Address:      10 Alfred Place,
	      London WC1E 7EB
Contact:      Bob Birtles
Telephone:    +44 1 (71) 436 2244
FAX           +44 1 (71) 916 1004
BBS           +44 1 (71) 580 4800

URUGUAY
Datamatic
Address:      25 de Mayo 635 Piso 6
	      Montevideo 11100
Contact:          Juan Camps
Telephone:    +598 2 96 18 42
Fax:          +598 2 96 27 71
Internet:     datamati@chasque.apc.org


VENEZUELA
Antivirus C.A.
Address:      Avenida Principal de la Castellana
	      Torre Banco de Lara
	      Mezzanina Oficina D-1
	      Caracas,  Venezuela
Contact:      Ana Maria Pacheco
Telephone:    58-2-262-1361
	      58-2-262-2001
Fax:          58-2-261-3169


VIETNAM ** see Asiasoft under Singapore **
	** see Data Express Company, Ltd. under Thailand **

ZAMBIA
KBM Software Plaza
Address:      16th Floor
	      Sindeco House,  Cairo Road
	      Lusaka,  Zambia
Contact:      (Mrs.) Kasonde B. Shakalima
Telephone:    +260 (1) 221 647
Fax:          +260 (1) 222 026


International Distributors
==========================
MALAYSIA
MCSB Sales and Distribution (M) Sdn. Bhd.
Address:      Ground Floor, Wisma Mirama
	      Jalan Wisma Putra
	      50460 Kuala Lumpur
Contact:      Mr. K.L. Wan
	      Mr. Hee Yew Han - Tech. Support 
Telephone:    +60 3 241 6922
Fax:          +60 3 248 9892
Internet:     none@mcsbsd.po.my
	      yhhee@mcsbsd.po.my


SINGAPORE
Ingram Micro Inc.
Address:      143 Cecil Street
	      #07-03/04 GB Building
	      Singapore 0106
Contact:      Mr. William Tan
	      Mr. Teo Koon Hock - Tech. Support
Telephone:    +65-226-5338
Fax:          +65-226-5337
Internet:     teokh@singnet.com.sg


THAILAND
Data Express Company, Ltd.
Address:      637 Charoenrat Road, Khlongsan
	      Bangkok 10600
Contact:      Somboon Jaroonthamboon, Napaporn Pratomwong
Telephone     +66 (2) 437 5231 / 437 5207
Fax:          +66 (2) 438 4770
BBS:            +66 (2) 437 2085


THAILAND
Connectivity Peripherals Company, Ltd.
Address:      1777/100 Charansanitwong 65 Bangplad
	      Bangkok 10700 Thailand
Contact:      Poonpat Kantavara
Telephone:    + 662-424-3743 / 435-5749
	      + 661-481-4057
Fax:          + 662-424-3743

////////////////////////////////


II.     CANADA

Fifth Dimension
Address:      2500 Don Reid Drive
	      Ottawa, Ontario, Canada K1H 8P5
Telephone:    613-737-7333
Fax:          613-739-9721

Schultz Computer
Address:      1794 Courtwood Crescent
	      Ottawa, Ontario, Canada K2C 0B5
	      John Schultz
Telephone:    613-727-0589
Fax:          613-727-1264

Logicorp Data Systems
Address:      11044 82nd Avenue, Ste 301
	      Edmonton, Alberta, Canada T6G 0T2
	      Ken Fisher
Telephone:    403-433-2830
Fax:          403-439-2134


Concise Systems Corporation
Address:      1925 Bowen Road, Ste 25
	      Nanaimi, B.C., Canada V9S 1H1
	      Janeane McGannon
Telephone:    604-756-1604
Fax:          604-756-0123



III.    UNITED STATES 

	      Northeast

Vaccivirus
Address:      84 Hammond St
	      Waltham, MA 02154
	      Roger Aucoin
Telephone:    617-893-8282
Fax:          617-893-3770


International Security Technology, Inc.
Address:      99 Park Avenue
	      11th Floor
	      New York, NY  10016
Contact:      Robert V. Jacobson
Telephone:    212-557-0900
Fax:          212-808-5206

Micro Strategies, Inc.
Address:      104 Broadway
	      Denville, NJ  07834-0930
Contact:      Mike Michalowicz
Telephone:    201-625-7721
Fax:          201-625-5130


	      Federal Government

R3, Inc
Address:      2215 Christy Place
	      Herndon, VA 22070
	      Ed Russell
Telephone:    703-729-1785

Computer Supply Co. of Virginia
Address:      137 Laskin Road, Ste B
	      Virginia Beach, VA 23451
	      Jeff Batten
Telephone:    804-422-6343
Fax:          804-428-3858

EDS
Address:      13600 EDS Drive
	      Herndon, VA 22021
	      Stacy Snipes/Mary Ann Wangemann
Telephone:    703-742-2835
Fax:          703-742-2674

Falcon Microsystems Inc
Address:      1100 Mercantile Lane
	      Landover, MD 20785
	      Charles Nelson
Telephone:    703-341-0153
Fax:          301-386-8581

Base Technologies
Address:      7927 Jones Branch Drive, 300 West
	      McLean, VA 22102
	      Rich Lichvar
Telephone:    703-848-2400
Fax:          703-848-0804

Wang
Address:      7500 Old Georgetown Road
	      Bethesda, MD 20814
	      Bill Repine/Bill Clark
Telephone:    301-657-5587
Fax:          301-657-5771

Synex Technology
Address:      6701 Democracy Blvd
	      Bethesda, MD 20817
	      Jerry Sella
Telephone:    301-670-0919
Fax:          301-977-0177


	      Southeast

TSD Systems
Address     525 S. County Road 427 
	Suite 125
	Longwood, FL 32750
 Telephone:     407-331-9130
  Fax           407-331-8130
     President: James Daly III
     VP: Hewie Poplock
     Sec: Sherry Berry
     
Insight International
Address:     4651 Bancroft Ct.
	Marietta, GA 30062
Telephone:      404-642-6064
     President: Steve Bachman
     
Micro-Computer Analysts, Inc. (MCA)
Address:     128 Southland Drive
	Lexington, KY 40503
 Telephone:     606-275-1228
    Fax:                606-275-1242
     President: Eric Lake
     Sec: Shirley Lakes
     Purchasing: Craig Lakes
     Sales: Richard Makkay
     
Advanced Information Systems
Address:     111 Executive Center Drive
     Columbia, SC 29210
 Telephone:     803-772-0090
 Fax:           803-772-8219
     President: Craig Scott
     Sec: Nancy Scott
     Sales: Cynthia Brown
     
ALI Computers Inc.
Address:     PO Box 10517
     Blacksburg, VA 
Telephone:      703-552-6108
Fax:            703-552-6126
     Manager: Lesa Myers
     Sales: Ginger Sibold

W.L.S Services
Address:      3099 Leon Road, Suite 5
	      Jacksonville, FL  32246
Contact:      Tom Meadows or Walt Lanz
Telephone:    (904) 641-3262
Fax:          (904) 641-3287


	      Central

Dave Shook
Address:      744 Fox Hunt Trail
	      Deerfield, IL 60015
Telephone:    708-940-0843
Fax:          708-940-0854


	      Southwest

Creative Business Concepts
Address:      1 Technology Drive, Ste B-123
	      Irvine, CA 92718
	      Rick Shafer
Telephone:    714-727-3104
Fax:          714-727-3132

Genoa Group
Address:      7334 South Alton Way, Unit H
	      Englewood, CO 80112
	      Ted Smith
Telephone:    303-770-5747
Fax:          303-741-2449

M.S. Business Center
Address:      6161 El Cajon Blvd., Ste. B-15
	      San Diego, CA 92115
	      Eugene Moore
Telephone:    619-583-4960
Fax:          619-583-9375

Typetronics Business Systems
Address:      5717 North 7th Street
	      Phoenix, AZ 85014
	      Roger Smith
Telephone:    602-274-7253
Fax:          602-274-7636

Ramcom Technology
Address:      PO Box 3491
	      Flagstaff, AZ 86003
	      Ron Moore
Telephone:    602-774-2584
Fax:          602-774-2584

Paragon Computer Services
Address:      539 Telegraph Canyon Road, Ste-919
	      Chula Vista, CA 91910
	      Bob Currie
Telephone:    619-482-9317
Fax:          619-482-4929

Computer Technology Associates
Address:      1901 East 37th St. Ste 202
	      Odessa, TX 79762
	      John Minor
Telephone:    915-368-5208
Fax:          915-368-4108

Joseph Head Cooper Consulting
Address:      321 West Craig Place
	      San Antonio, TX 78212
	      Joe Cooper
Telephone:    210-736-2383
Fax:          210-737-3333

Kortek Industries
Address:      2000 Bering Dr. Ste 400
	      Houston, TX 77057
	      John Heaney
Telephone:    713-783-0024
Fax:          713-783-7649

emann
Telephone:    703-742-2835
Fax:          703-742-2674

