                   McAFEE ASSOCIATES AGENT LISTING
 
                          March 26, 1992
                         

McAfee Associates                     (408) 988-3832  office
1900 Wyatt Drive, Suite 8             (408) 970-9727  fax
Santa Clara, California 95054-1529    (408) 988-4004  BBS 2400 bps
U.S.A.                                (408) 988-5138  BBS HST 9600
                                      (408) 988-5190  BBS v32 9600
                                      mcafee@netcom.com   InterNet
                                      GO VIRUSFORUM     CompuServe

     In  order  to  provide the global  community  with  anti-virus
coverage  in a timely manner, McAfee Associates has established  an
Agents  program  to provide service, sales and support  for  McAfee
Associates  products  around  the world.  If you do  not  see  your
country  listed,  please  contact  McAfee  Associates  directly.  A
listing  of United States Agents has been added to the end of  this
file.


ARGENTINA
RAN Ingenieria de Sistemas
Address:      Cosquin 10-5o. C
              Buenos Aires 1408
Contact:      Maria Jose Alvarez Hamelin
Telephone:    +54 (1) 642-3689
Fax:          +54 (1) 334-7802


AUSTRALIA
Computer Virus Clinic
Address:      P.O. Box 106
              Moorebank, N.S.W. 2170
Contact:      Colin Keeble
Telephone:    +61 (02) 822-4303 Sydney
Fax:          +61 (02) 822-4304
Telephone:    +61 (03) 335-3777 Melbourne
Fax:          +61 (03) 335-3747
Telephone:    +61 (07) 341-9991 Queensland

AUSTRALIA
Computerware for Micros
Address:      23 Magill Road
              Stepney, Adelaide, S.A. 5096
Contact:      Priestly Hillam
Telephone:    +61 (08) 362-8200 Head Office
Fax:          +61 (08) 363-1974 Head Office
BBS:          +61 (08) 362-4293 Head Office
Telephone:    +61 (02) 661-6832 Sydney
BBS:          +61 (08) 311-1036 Sydney
BBS:          +61 (03) 888-5932 Melbourne
BBS:          +61 (07) 882-0360 Brisbane
BBS:          +61 (077) 231-288 Townsville
Toll-Free:    (008) 882-875 National Toll Free

AUSTRALIA
Doctor Disk (Perth Office)
Address:      77 Bulwer Street
              Perth, WA 6000
Contact:      Rob Edwards
Telephone:    +61 (09) 328-2011 (Perth Office)
Fax:          +61 (09) 328-9661 (Perth Office)
Toll-Free:    (008) 999 755 (outside of Perth Metro Area)
Telephone:    +61 (02) 281-2099 (Sydney Office)  
Telephone:    +61 (03) 690-9100 (Melbourne Office)  
Telephone:    +61 (07) 831-0151 (Brisbane Office)  
Telephone:    +61 (08) 332-2354 (Adelaide Office)  

AUSTRIA
ComIn Terramar Handelsgesmbh
Address:      Nikolsdorfergasse 8/8
              A-1050 Wien
Contact:      Ronald Schmutzer
Telephone:    +43 (1) 543-731
              +43 (1) 543-337
Fax:          +43 (1) 543-339
BBS:          +43 (1) 543-338

BELGIUM
Impakt nv
Address:      Ham 64
              B-9000 Gent
Contact:      Frank Lateur
Telephone:    +32 (91) 25 35 49
Fax:          +32 (91) 33 00 78
BBS:          +32 (91) 23 40 16

BELGIUM
Softserve Distributors
Address:      Dynamicalaan 16 b20
              B-2601 Wilrijk
Contact:      Arthur Schrey
Telephone:    +32 (3) 830 59 92
Fax:          +32 (3) 830 25 92

BRAZIL
COMPUSUL Consultoria e Comercio de Informatica Ltda.
Address:      Rua Emboabas, 68-1o andar
              04623-Sao Paulo, SP
Contact:      Andre Pitkowski
Telephone:    +55 (11) 533-7331
Fax:          +55 (11) 530-6822

BRAZIL
Maple Informatica Ltda.
Address:      R. Maranhao, 554 cj. 26
              01240 Sao Paulo, SP
Contact:      David Rotenberg
Telephone:    +55 (11) 826-5311
Fax:          +55 (11) 826-5375

BRAZIL
NUPEC Ltda
Address:      Rua 48, No. 873/108
              Espinheiro
              Recife-PE - CEP 51.022
Contact:      Anatolio de Paula Crespo
Telephone:    +55 (81) 241-7234
Fax:          +55 (81) 241-7234

CANADA
C.L.C. of Canada Ltd.
Address:      81 Brillinger Street
              Richmond Hill, Ontario
              CANADA  L4C 8Y3
Contact:      Warren Wetstein
Telephone:    (416) 390-2044
Fax:          (416) 884-8296

CANADA - British Columbia
Concise Systems Corp.
Address:      #25 - 1925 Bowen Road
              Nanaimo, BC
              CANADA  V9S 1H1
Contact:      Jeff Martin
Telephone:    (604) 756-1604
Fax:          (604) 756-0123

CANADA
DOLFIN Developments Ltd.
Address:      2904 South Sheridan Way
              Oakville, Ontario
              CANADA  L6J 7L7
Contact:      Michael Cameron
Telephone:    (416) 829-4344
Fax:          (416) 829-4380

Dolfin Developments- Montreal
Address:      2520 Van Horne, Suite 10
              Montreal, Quebec
              CANADA  H3S 1P1
Contact:      Simon Borduas
Telephone:    (514) 735-8184
Fax:          (514) 342-3689
BBS:          (514) 735-5769

Dolfin Developments- West
Address:      Maison Chadwick House
              1842 - 14th Street SW
              Calgary, Alberta
              CANADA  T2T 3S9
Contact:      Terry O'Hearn
Telephone:    (403) 229-3454
Fax:          (403) 229-3507

CANADA - Edmonton
LOGICORP Data Systems Ltd
Address:      Suite 301, 11044 - 82nd Avenue
              Edmonton, Alberta
              CANADA  T6G 0T2
Contact:      Peter Altrogge
Telephone:    (403) 433-2830
Fax:          (403) 439-2134

CANADA - Edmonton
Programmers Guild Products
Address:      4652 - 99th Street
              Edmonton, Alberta
              CANADA  T6E 5H5
Contact:      George Woycenko
Telephone:    (403) 438-5897
Fax:          (403) 434-3957

CANADA - Ottawa
Schultz Computers
Address:      1825 Woodward Drive
              Ottawa, Ontario
              CANADA  K2C 0R4
Contact:      John Schultz
Telephone:    (613) 727-0589
Fax:          (613) 727-1264

CHILE
Rigg S.A.
Address:      Avda. Salvador 1068
              P.O. Box 10.295
              Santiago
Contact:      Ricardo Gutierrez
Telephone:    +56 (2) 225-0222
Fax:          +56 (2) 225-0240

CZECHOSLOVAKIA
AEC Ltd.
Address:      Sumavska 33
              612 64 BRNO
Contact:      Jiri Mrnustik, MSc.
Telephone:    +42 (5) 7112 line 502
Fax:          +42 (5) 744 984

CZECHOSLOVAKIA
NKOP elektronik Ltd.
Address:      Coboriho 2
              949 01 NITRA
Contact:      Peter Zoldos
Telephone:    +42 (87) 419 780
Fax:          +42 (87) 413 958

DENMARK
Danadata
Address:      Vestergade 58
              8100 Aarhus
Contact:      Steen Pedersen
Telephone:    +45 (86) 18 28 44
Fax:          +45 (86) 18 28 92

FINLAND
ICL Data Oy/PC-Hotline (Kayttotuki)
Address:      P.O. Box 458
              SF-00101 Helsinki
Contact:      Kari Ilonen or Erkki Mustonen
Telephone:    +358 (0) 567 4248
BBS:          +358 (0) 567 2200 (U.S. Robotics Dual Standard)
Fax:          +358 (0) 567 4160

FINLAND
SAFECO OY
Address:      Kirvuntie 22
              02140 Espoo
Contact:      Hannu Ohrling
Telephone:    +358 (0) 512 1100
Fax:          +358 (0) 515 151

FRANCE
VIF "La Pepiniere"
Address:      111, avenue de Lodeve
              34000 Montpellier
Contact:      Pascal Jour
Telephone:    +33 67 58 18 36
Fax:          +33 67 58 26 61

GERMANY
BFK edv-consulting GmbH
Address:      Gerwigstraße 48
              W-7500 Karlsruhe 1
Contact:      Christoph Fischer
Telephone     +49 (7) 2161-1519
Fax:          +49 (7) 2162-1479

GERMANY
Die Deutsche Software Bibliothek
              Alpenstrasse 52
              8038 Grobenzell
Contact:      Nane Jurgensen
Telephone:    +49 (8) 1425-3030
Fax:          +49 (8) 1425-4641
CompuServe    100021,414

GERMANY
Kirschbaum Software, GmbH
Address:      Kronau 15
              W 8091 Emmering b. Wbg.
Contact:      Josef Kirschbaum
Telephone:    +49 (0) 8067-1016
Fax:          +49 (0) 8067-1053

GERMANY
K.H. Kitroschat, Ingenieurbuero für Neue Technik
Address:      Naabstrasse 9
              W-4006 Erkrath
Contact:      Karl-Heinz Kitroschat
Telephone:    +49 (0) 2104 48626
Fax:          +49 (0) 2104 449 555

GERMANY
NoVIR Datentechnik GmbH
Address:      Hochofenstrasse 19-21
              2400 Lubeck 14
Contact:      Peter Boehm
Telephone:    +49 (0) 4513 06066
Fax:          +49 (0) 4513 09600
BBS:          +49 (0) 4513 05267
BTX:          *NoVir#

GERMANY
R. Bucker EDV
Address       Nordhemmer Straße 94
              W 4955 Hille 1
Contact:      Peter Bucker
Telephone:    +49 (0) 5703-2829
              +49 (0) 5703-3610
Fax:          +49 (0) 5703-3648

GREECE
TopNet Computers Ltd
Address:      15 Mpakopoulou St.
              154 51 Neo Psixiko
              Athens
Contact:      Dimitrios Georgiadis
Telephone:    +30 (1) 647 6066
              +30 (1) 647 5378
Fax:          +30 (1) 672 6629

HONG KONG
Terabyte Computer Consultants Ltd.
Address:      Room 1004, 10/F, Tung Wah Mansion
              199-203 Hennessy Road
              Wan Chai
Contact:      Isabel Chan
Telephone:    +852 (0) 598-0046-51
Fax:          +852 (0) 598-0892

HUNGARY
Pik-SYS Company Ltd.
Address:      Szentmiklosi u.18
              H-1213 Budapest
Contact:      Maria Pistar
Telephone:    +36 (1) 276-0864
Fax:          +36 (1) 276-5714

INDIA
COMTEC (India), A Division of Microassociates Consultants
Address:      11 Sneh, D. S. Babrekar Road
              Dadar, Bombay  400028
Contact:      Mr. Mandar Dange
Telephone:    +91 (22) 5562767
              +91 (22) 452812
Fax:          +91 (22) 5115904
              +91 (22) 4223968

INDIA
LAN ESEDA Computer Training Centres
Address:       2nd Floor Ramanashree Arcade
               18 M.G. Road
               (Opposite Taj Residency)
               Bangalore  560001
Contact:       Bosco Francis
Telephone:     +91 224 711 / 287 1477
Fax:           +91 222 287 6072

INDONESIA
P.T. Yakin Aman
Address:       #15-16, Block FX-1
               Jalan Kelapa Gading Boulevard
               Jakarta 14240
Contact:       M.A. Sunardi
Telephone:     +62 (21) 451-0072
Fax:           +62 (21) 451-2731

IRELAND
Systemhouse Technology Group Ltd
Address:      39-40 Upper Mount Street
              Dublin 2
Contact:      Dermot Williams or Stephen Kearon
Telephone:    +353 (1) 615 445
Fax:          +353 (1) 615 323
BBS:          +353 (1) 288-5634
              +353 (1) 283-1908 HST

ISRAEL
Chief Data Recovery Company
Address:      15 Ha'banim Street
              PO Box 499
              Nes-Ziona  70400
Contact:      Nemrod Kedem
Telephone:    +972 (8) 400 070
Fax:          +972 (8) 403 295
BBS:          +972 (3) 966 7562

ITALY
Ultimobyte Editrice, SRL
Address:      Via A. Manuzio, 15
              20124 Milano
Contact:      Adalberto Fontana
Telephone:    +39 (2) 655-5306
Fax:          +39 (2) 659-7693

JAMAICA
W.T.G APTEC Systems Ltd.
Address:      "The Towers"
              25 Dominca Drive
              Kingston 5
Contact:      Robert Davis
Telephone:    (809) 929-9250
Fax:          (809) 929-8296

JAPAN
LINK Co. Ltd (formerly Lornho International Networks Ltd.)
(Japan Computer Virus Association)
Address:      Rosebud Gotanda Building 10F
              8-8-15 Nishi-Gotanda Shingawa-ku
              Tokyo 141
Contact:      Akira Watanabe
Telephone:    +81 (3) 3493 5850
Fax:          +81 (3) 3493 5188
BBS:          +81 (3) 3493 9739

MALAYSIA
MCSB Systems (M) Sdn Bhd
Address:      17th Floor Menara Bousted
              Jalan Raja Chulan
              50200 Kuala Lumpur
Contact:      Mr. Seow Liang Yee
Telephone:    +60 (3) 241 7400
Fax:          +60 (3) 248 8010

MAURITIUS
J. Kalachand & Co. Ltd.
Address:      Kalachand Building
              20 Lord Kitchanter St.
              Port Louis
Contact:      Ramesh Kalachand
Telephone:    +230 212-5313
Fax:          +230 208-7493

MEXICO
Ingenieria Y Technologica Avanzada, S.A. de C.V.
Address:      Barranquilla 134-B
              Col. Altavista
              Monterrey, Neuveo Leon, 64840
Contact:      Raul Quintanilla Martinez
Telephone:    +52 (83)58 1928
Fax:          +52 (83)58 1928
BBS:          +52 (83)58 1477 (HST)
              +52 (83)59 9848 (1200/2400 bps)
              +52 (83)59 9849 (1200/2400 bps)

MEXICO
McAfee Associates, Mexico, S.A.
(a subsidiary of Grupo Armo Division Sistemas)
Address:      Tapachula No. 74, Col. Roma
              Mexico 06700 DF
Contact:      Arturo De la Mora Carrasco
              Felipe Lopez Gomez
              Patricia De la Mora
Telephone:    +52 (5) 264-4171
              +52 (5) 264-4639
              +52 (5) 564-1869
Fax:          +52 (5) 264-6739
BBS:          +52 (5) 574-6514 MNP 5 1200/2400bps

MEXICO
Mundo PC, S.A.
Address:      Rio San Lorenzo No. 507-A OTE
              Garza Garcia, N.L. 66220
Contact:      Bill Schaefer
Telephone:    +52 (8) 378-34-48

NETHERLANDS, THE
CPU Communications & Products United C.V.
Address:      P.O. Box 1878
              5200 BW 's Hertogenbosch
Contact:      Rick Wezenaar
Telephone:    +31 (73) 141252
Fax:          +31 (73) 140437
BBS:          +31 (73) 130204
              +31 (73) 124674
CPU Educational Dept. (High School Only)
Telephone     +31 3485-2982
CPU Technical Support Department
(available 24 hours/day)
Address:      P.O. Box 5011
              3008 AA Rotterdam
Contact:      Fred Janssen or Fred de Koning
Telephone:    +31 (010) 4863510
Fax:          +31 (010) 4863640
BBS:          +31 (010) 4863771
VIRNET:       @9:99/31

NETHERLANDS ANTILLES
Micro Computer Consultants
Address:      Fokkerweg 30
              Muskus Building
              Willemstad Curaco
Contact:      Edison Maduro
Telephone:    +599 (9) 61 31 61
Fax:          +599 (9) 61 61 19

NEW ZEALAND
Computer Software Library of NZ, Ltd.
Address:      WaiPoPo 3 R.D.
              Timaru
Contact:      Bill Strauss
Telephone:    +64 (3) 615-9333
Fax:          +64 (3) 615-9333
BBS:          +64 (3) 615-9313
Mobile Phone  +64 (25) 32-8443

NORWAY
ND ServiceTeam A/S
Address:      Olaf Helsetsv. 5
              Postboks 6448 Etterstad
              0605 Oslo
Contact:      Arne Bergersen
Telephone:    +47 (2) 627 500
Fax:          +47 (2) 627 501

PAKISTAN
Computer Connection (PVT) LTD.
Address:      19-1/A, Block 6, P.E.C.H.S.
              Sharea Faisal
              Karachi
Contact:      (Mr.) Asim I. Shaikh
Telephone:    +92 (21) 438 839
Telephone:    +92 (21) 449 343
Fax:          +92 (21) 447 266

PHILIPPINES
Mannasoft Technology Corporation
Address:      Suite 105 Mid-Land Mansion
              839 Pasay Road, Makati
              Metro Manilla
Contact:      Hans C. Dee
Telephone:    +63 (2) 876 319
Telephone:    +63 (2) 812 93 10
Pager Service:+63 (2) 869 11 11 / 810 21 11
               (ask to leave message for #22 24 25)
FAX:          +63 (2) 876 319 (request FAX during business hours)

PORTUGAL
Fobis, Informatic e Gestao, Lda.
Address:      Praca de Londres 3-1.Dt
              P-1000 Lisboa
Contact:      Luis Dias
Telephone:    +351 (1) 848 31 84
Fax:          +351 (1) 848 17 77

SAUDI ARABIA
Gulf Stars Computer Systems
Address:      Suite #201/202,
              Al Banafaea Building
              Riyadh 11573
Contact:      Anwar Qahwash
Telephone:    +966 (1) 463-1098
Fax:          +966 (1) 465-3156

SINGAPORE
Asiasoft (S) PTE. LTD.
Address:      No. 8, Aljunied Avenue 3, Oakwell Bldg.
              Singapore 1438
Contact:      Lai Lee Tat
Telephone:    +65 742 6000
Fax:          +65 742 7000
BBS:          +65 741 8707

SINGAPORE
MCSB Systems (S) Pte Ltd
Address:      1302 Lorong 1 TOA Payoh #01-08
              Siong Hoe Industrial Building
              Singapore 1231
Contact:      M.F. Leong
Telephone:    +65 (2) 353-5300
Fax:          +65 (2) 258-9945

SPAIN
DATAMON, SA Central
Address:      Corcega, 485
              08025 Barcelona
Contact:      Carmen Mestres
Telephone:    +34 (3) 207-2704
Fax:          +34 (3) 457-1370

SPAIN
DATAMON, SA Delagation Zona Centro
Address:      Carril Del Conde, 76
              28043 Madrid
Contact:      Andres Vogel
Telephone:    +34 (1) 759 78 22
Fax:          +34 (1) 759 84 51

SWEDEN
Virus Help Centre
Address:      Box 7018
              S 811 07 Sandviken
Contact:      Mikael Larsson or Ola Larsson
Telephone:    +46 (26) 100518
Fax:          +46 (26) 275720
BBS:          +46 (26) 275710
Mobile Phone: +46 (10) 955551

SWITZERLAND
DASIKON AG
(formerly Computer Concepts Marcus Laeubli)
Address:      Postfach 104
              CH-8606 Naenikon
Contact:      Marcus Laeubli
Telephone:    +41 (1) 945-5970
Fax:          +41 (1) 946-0545
BBS:          +41 (1) 945-5077
Geneva Office
Contact:      Michel Garcia
Telephone:    +41 (77) 252-259
Fax:          +41 (22) 440-644

TRINIDAD & TOBAGO
Opus Networx
Address:      P.O. Box 972
              Port of Spain, Trinidad & Tobago
              West Indies
Contact:      Peter Wimbourne
Tel:          (809) 628-3105
Fax:          (809) 622-6878
BBS:          (809) 628-5023

UGANDA
Magric (U) Ltd
Address:      P.O. Box 3218
              Kampala
Contact:      Michael Henson
Telephone:    +256 (41) 232 100
Fax:          +256 (41) 244 606

UNITED ARAB EMIRATES
Al Bawardi Computers
Address:      Flat 301, Third Floor, Grandstore Building
              Hamdan Street, P.O. Box 4118
              Abu Dhabi
Contact:      Syed Rehan Aziz
Telephone:    +971 (2) 721777
Fax:          +971 (2) 727357

UNITED KINGDOM
International Data Security
Address:      9 & 10 Alfred Place
              London WC1E 7EB
Contact:      Oliver Mills
Telephone:    +44 (71) 631 0548
              +44 (71) 436 2244
Fax:          +44 (71) 580 1466
BBS:          +44 (71) 580-4800

ZAMBIA
KBM Software Plaza
Address:      P.O. Box 320139
              Woodlands
              Lusaka
Contact:      (Mrs.) Kasonde B. Shakalima
Telephone:    +260 (1) 260 151
Fax:          +260 (1) 260 151

UNITED STATES
Advanced Computer Networks
Address:      260 Old Nyack Turnpike
              Spring Valley, NY  10977
Contact:      Lazer Milstein or
              David Adams
Telephone:    (914) 425-5858
Fax:          (914) 425-4306

UNITED STATES - Pacific Northwest
Al Mashburn & Associates
Address:      7406 - 27th Street West, Suite 8
              Tacoma, WA  98466
Contact:      Al Mashburn
Telephone:    (206) 565-8641
Fax:          (206) 564-1886

UNITED STATES
AMI Data Systems
Address:      123 Hilton Falls Court
              Milton, VT 05468
Contact:      John Mace
Telephone:    (802) 893-1172
Fax:          ?

UNITED STATES
Barish & O'Brien Consulting
Address:      19 West 44th Street, Suite 300
              New York, NY  10036
Contact:      David Barish
Telephone:    (212) 221-1600
Fax:          (212) 221-1658

UNITED STATES - New England
Beehive Computer Company
Address:      #2 Industrial Park Drive
              Concord, NH  03301
Contact:      Jeff Parkerson
Telephone:    (603) 226-2993
Fax:          (603) 226-2070

UNITED STATES - Midwest
Blue Chip Computer Company
Address:      3085 Woodman Drive
              Dayton, OH  45420
Contact:      Larry Song
Telephone:    (513) 299-4594
Fax:          (513) 298-5798

UNITED STATES - Northern California
C&P Solutions
Address:      14428 Union Avenue
              San Jose, CA  95124
Contact:      Luis Paz
Telephone:    (408) 559-4049
Fax:          (408) 559-8645

UNITED STATES
CDT, Inc.
Address:      3110 Rhapsody Court
              Colorado Springs, CO  80920
Contact:      Glen Sandusky
Telephone:    (719) 260-0567
Fax:          (719) 531-5256

UNITED STATES
CompuNet, Inc.
Address:      8080 Madison Avenue, Suite 202
              Fair Oaks, CA  95286
Contact:      Noel Morgan
Telephone:    (916) 965-3112
Fax:          (916) 965-5713

UNITED STATES - South
Computer Generations, Inc.
Address:      P.O. Box 71
              Hendersonville, TN  37077-0071
Contact:      Cliff Jones
Telephone:    (615) 865-1418
Fax:          ?

UNITED STATES - Midwest
Computer Maintenence, Inc.
Address:      1433 Fullerton Avenue, Suite M
              Addison, IL  60101
Contact:      Dan Eremenchuk
Telephone:    (708) 953-1555
Fax:          (708) 953-1441

UNITED STATES - South
Computer Security Plus, Inc.
Address:      3900 South Tampa Avenue
              Orlando, FL  32809
Contact:      Padgett Peterson
Telephone:    (407) 648-0709
Fax:          (407) 352-6027
Internet:     padgett%tccslr.dnet@mmc.com

UNITED STATES - South
Computers For Business
Address:      2843 Pembroke Road
              Hollywood, FL  33020
Contact:      David Bennett
Telephone:    (305) 920-9604
Fax:          (305) 921-6131

UNITED STATES
Data Security
Address:      1108 Elbert Avenue
              Loveland, CO  80837-9141
Contact:      Calvin Cline
Telephone:    (303) 669-4183
Fax:          (303) 663 7736
BBS:          (303) 962-9536

UNITED STATES
DataTek Computer Services
Address:      547 Wunder Street
              Reading, PA  19602-2005
Contact:      Kirk Wentzel
Telephone:    (215) 374-2097
BBS:          (215) 374-3735

UNITED STATES - Southern California
FOCAL
Address:      15500 Erwin Street, Suite 2002
              Van Nuys, CA  91411
Telephone:    (818) 376-6598
Fax:          (818) 376-6594

UNITED STATES
Genoa Group
Address:      7334 South Alton Way, Unit H
              Englewood, CO  80112
Contact:      William L Ross
Telephone:    (303) 770-5747
Fax:          (303) 742-2449

UNITED STATES - Northern California
GW Associates
Address:      149 Forest Side Avenue
              San Francisco, CA  94217
Contact:      George Wertheim
Telephone:    (415) 661-0968
              (510) 577-3528
Fax:          ?

UNITED STATES - East
Innovative Business Solutions
Address:      222 W Grand Avenue
              Montvale, NJ  07645
Contact:      Richard Verlaque
Telephone:    (201) 391-0200
Fax           (201) 291-9803

UNITED STATES - New York
International Security Technology Inc.
Address:      515 Madison Avenue, Suite 3200
              New York, NY  10022
Contact:      Robert V. Jacobson
Telephone:    (212) 288-3101
Fax:          (212) 644-6828

UNITED STATES - East
Jetics Inc.
Address:      8229 Boone Blvd. Suite 860
              Vienna, VA  22182
Contact:      Wayne Carpenter
Telephone:    (703) 893-4404
Fax:          (703) 821-0710

UNITED STATES - Great Lakes States
James C. Shaeffer and Associates (formerly Jim's Consulting Services)

Detroit Office:
Address:      5025 Venture Drive
              Ann Arbor, MI  48183
Contact:      James C. Shaeffer (formerly Jim Shaeffer)
Telephone:    (313) 741-9527
Fax:          (313) 741-9528
BBS:          (313) 741-9529 PPI 9600Bps v.32/v.42bis 8N1 line settings
cc:Mail:      (313) 741-9533 Name: James C. Shaeffer, PO: JCS_PO
Mobile:       (313) 670-7345 (If no answer, please leave name and number)

Chicago Office:
Address:      744 Fox Hunt Trail
              Deerfield, IL  60015
Contact:      David Shook
Telephone:    (708) 940-0843
Fax:          (313) 741-9528
cc:Mail:      (313) 741-9533 Name: David C. Shook, PO: JCS_PO

UNITED STATES
Joseph Head Cooper Consulting
Address:      321 West Craig Place
              San Antonio, TX  78212
Contact:      Joe Cooper
Telephone:    (512) 736-2383

UNITED STATES
Micro Networks of America
Address:      320 Main Street
              Farmington, CT  06034
Contact:      Scott Lewis
Telephone:    (203) 678-7400
Fax:          (203) 678-9437

UNITED STATES - Northern California
Microplus Systems Technologies
Address:      1020 East El Camino Real
              Sunnyvale, CA  94087
Contact:      Ralph Manildi or Bui Han
Telephone:    (408) 737-2525
Fax:          (408) 737-2402

UNITED STATES - South
Micro Tech Systems
Address:      1832 Banbury Road
              Charleston, SC  29414
Contact:      Curtis Clark
Telephone:    (803) 763-5596
Fax:          ?

UNITED STATES - Southeast
Monterey-Waldec, Inc.
Address:      4899 West Waters Avenue
              Tampa, FL  33634
Contact:      Andy Swenson
Telephone:    (813) 882-9066
Fax:          (813) 882-9910

UNITED STATES - Northern California
MSB Computing Environments
Address:      P.O. Box 391703
              Mountain View, CA  94039
Contact:      Fritz Schneider
Telephone:    (408) 739-3303
Fax:          (408) 739-3204
Internet:     msb-ce@cup.portal.com
Prodigy:      KFBC61A

UNITED STATES
Multi Net
Address:      11221 Katy Freeway Suite 112
              Houston, TX  77079
Contact:      Glenn Russo
Telephone:    (713) 827-1445
Fax:          (713) 827-8035

UNITED STATES
NETLAN
Address:      29 West 38th Street
              New York, NY  10018
Contact:      Al Berg
Telephone:    (212) 768-2273
Fax:          (212) 768-2201
BBS:          (212) 764-3876

UNITED STATES
Network Engineering & Comm.
Address:      14718 NE 87th Street
              Redmond, WA  98052
Contact:      Dan Kidd
Telephone:    (206) 861-1778
Fax:          (206) 891-1704

UNITED STATES
NHFA
Address:      577 Isham Street, Suite 2B
              New York, NY  10034
Contact:      Norman Hirsch
Telephone:    (212) 304-9759
Fax:          (212) 304-9759-222
BBS:          (212) 304-9759-333

UNITED STATES - Pacific Northwest
OverFlow Corporation
Address:      9700 SW Capitol Highway
              Portland, OR  97219
Contact:      Dean Warren
Telephone:    (503) 452-8183
Fax:          (503) 452-8199

UNITED STATES - Northern California
PCS Networks
Address:      5900-T Hollis Street
              Emeryville, CA  94608
Contact:      Tim Cuny
Telephone:    (510) 655-6500
              (415) 986-1800
Fax:          (510) 655-9298

UNITED STATES - West
Pueblo Group
Address:      6318 E. Calle Cappela
              Tucson, AZ  85710
Contact:      Bill Logan
Telephone:    (602) 321-2075
Fax:          (602) 749-0439

UNITED STATES
Ramcom Technology
Address:      PO Box 3491
              Flagstaff, AZ  86003-3491
Contact:      Ron Moore
Telephone:    (602) 726-3204
Fax:          (602) 726-3204
BBS:          (602) 779-3265

UNITED STATES
Rational Elegance
Address:     44-132-4 Hako Street
             Kaneohe, HI  96744
Contact:     Robert Gryphon
Telephone:   (808) 236-1337
Fax:         (808) 236-1337

UNITED STATES
Standard Systems Solutions, Inc.
Address:      410 West Commercial Street
              East Rochester, NY  14445
Contact:      Steve Smith
Telephone:    (716) 586-2460
Fax:          (716) 586-0936

UNITED STATES - Eastern Seaboard
Tecnimat/TDS
Address:      180 South Ban Brunt Street
              Englewood, NJ  07631
Contact:      Bob Killi
Telephone:    (201) 569-4200
Fax:          (201) 569-2274

UNITED STATES
Typetronics Business Systems Inc
Address:    5717 North 7th Street
            Phoenix, AZ  85014
Contact:    Roger Smith
Telephone:  (602) 274-7253
Fax:        (602) 274-7636

UNITED STATES - New England
VacciVirus
Address:      84 Hammond Street
              Waltham, MA  02154
Contact:      Roger Aucoin
Telephone:    (617) 893-8282
Fax:          (617) 969-0385

UNITED STATES
ValCom More than Computers Inc.
Address:      2249 Pinehurst Drive
              Middleton, WI  53562
Contact:      Gary Hoffman
Telephone:    (608) 836-8180
Fax:          (608) 836-7401

UNITED STATES
Wang Laboratories
Address:      7500 Old Georgetown Rd
              Bethesda, MD  20814
Contact:      Bill Repine
Telephone:    (301) 657-5028
Fax:          (301) 657-5971
